,a
0,0
1,0
2,0
3,0
4,0
5,0
6,1
7,0
8,1
9,0
10,0
11,1
12,0
13,1
14,1
15,0
16,0
17,1
18,1
19,1
20,0
21,0
22,0
23,1
24,1
25,0
26,0
27,0
28,1
29,0
30,0
31,0
32,0
33,0
34,1
35,1
36,0
37,1
38,1
39,0
40,1
41,1
42,0
43,1
44,0
45,1
46,1
47,0
48,1
49,0
50,0
51,0
52,0
53,1
54,0
55,0
56,0
57,0
58,0
59,0
60,0
61,1
62,1
63,1
64,0
65,1
66,0
67,0
68,1
69,0
70,0
71,0
72,0
73,0
74,1
75,1
76,0
77,1
78,0
79,0
80,1
81,1
82,0
83,0
84,1
85,1
86,1
87,1
88,1
89,1
90,0
91,1
92,0
93,0
94,0
95,0
96,1
97,1
98,0
99,1
100,0
101,1
102,0
103,0
104,1
105,1
106,1
107,0
108,1
109,0
110,1
111,0
112,0
113,1
114,0
115,0
116,0
117,1
118,0
119,1
120,1
121,1
122,0
123,1
124,0
125,0
126,1
127,0
128,1
129,0
130,1
131,0
132,0
133,0
134,1
135,0
136,0
137,0
138,1
139,1
140,0
141,1
142,0
143,0
144,0
145,0
146,1
147,1
148,0
149,1
150,1
151,1
152,1
153,1
154,1
155,1
156,1
157,0
158,1
159,1
160,0
161,0
162,0
163,0
164,1
165,0
166,0
167,0
168,0
169,1
170,0
171,1
172,0
173,0
174,1
175,1
176,0
177,1
178,0
179,0
180,1
181,0
182,0
183,0
184,1
185,1
186,0
187,1
188,1
189,1
190,0
191,0
192,1
193,1
194,1
195,1
196,1
197,0
198,1
199,0
200,0
201,1
202,0
203,0
204,0
205,1
206,1
207,0
208,1
209,0
210,1
211,0
212,0
213,0
214,1
215,1
216,1
217,0
218,1
219,0
220,0
221,0
222,0
223,1
224,1
225,1
226,1
227,0
228,0
229,0
230,0
231,0
232,1
233,1
234,1
235,1
236,1
237,0
238,1
239,1
240,0
241,0
242,0
243,0
244,0
245,0
246,0
247,1
248,0
249,1
250,0
251,1
252,0
253,0
254,0
255,1
256,1
257,0
258,1
259,0
260,0
261,0
262,0
263,0
264,0
265,0
266,0
267,1
268,0
269,0
270,1
271,1
272,0
273,1
274,0
275,1
276,0
277,1
278,0
279,1
280,0
281,0
282,1
283,0
284,0
285,1
286,0
287,0
288,0
289,0
290,0
291,0
292,0
293,1
294,0
295,1
296,0
297,0
298,0
299,1
300,1
301,0
302,0
303,0
304,1
305,1
306,0
307,1
308,1
309,1
310,0
311,0
312,0
313,0
314,1
315,1
316,1
317,1
318,1
319,0
320,0
321,0
322,1
323,1
324,1
325,0
326,0
327,0
328,1
329,1
330,0
331,1
332,0
333,1
334,0
335,0
336,0
337,1
338,1
339,1
340,0
341,1
342,1
343,0
344,0
345,1
346,0
347,0
348,0
349,1
350,0
351,0
352,1
353,0
354,0
355,1
356,0
357,1
358,1
359,0
360,1
361,0
362,0
363,0
364,1
365,0
366,1
367,1
368,0
369,0
370,0
371,0
372,0
373,1
374,1
375,0
376,0
377,1
378,1
379,0
380,1
381,1
382,1
383,0
384,0
385,0
386,0
387,1
388,0
389,1
390,1
391,0
392,0
393,1
394,0
395,0
396,0
397,0
398,0
399,0
400,1
401,1
402,1
403,1
404,0
405,0
406,1
407,1
408,0
409,0
410,0
411,0
412,0
413,1
414,0
415,1
416,1
417,0
418,0
419,1
420,1
421,1
422,0
423,0
424,0
425,1
426,0
427,0
428,0
429,1
430,1
431,0
432,0
433,1
434,1
435,1
436,1
437,0
438,0
439,0
440,0
441,1
442,0
443,0
444,0
445,0
446,1
447,0
448,1
449,0
450,1
451,1
452,1
453,1
454,0
455,1
456,1
457,0
458,1
459,0
460,1
461,0
462,0
463,1
464,1
465,0
466,1
467,0
468,0
469,1
470,1
471,1
472,1
473,1
474,1
475,1
476,1
477,0
478,0
479,0
480,1
481,1
482,0
483,0
484,0
485,1
486,1
487,0
488,1
489,0
490,0
491,0
492,0
493,0
494,0
495,0
496,0
497,1
498,1
499,1
500,0
501,1
502,0
503,0
504,0
505,1
506,0
507,1
508,0
509,0
510,1
511,1
512,0
513,1
514,1
515,1
516,1
517,1
518,0
519,1
520,0
521,1
522,0
523,0
524,0
525,1
526,0
527,0
528,0
529,1
530,1
531,1
532,1
533,0
534,0
535,0
536,0
537,0
538,1
539,1
540,0
541,0
542,0
543,1
544,0
545,0
546,0
547,1
548,0
549,0
550,1
551,1
552,1
553,1
554,1
555,0
556,0
557,0
558,0
559,0
560,0
561,0
562,1
563,0
564,0
565,0
566,1
567,1
568,0
569,0
570,0
571,1
572,1
573,0
574,1
575,0
576,1
577,0
578,0
579,1
580,0
581,1
582,0
583,1
584,0
585,1
586,0
587,1
588,1
589,1
590,1
591,0
592,0
593,0
594,1
595,1
596,0
597,1
598,0
599,0
600,0
601,0
602,0
603,0
604,0
605,1
606,0
607,1
608,1
609,0
610,1
611,0
612,1
613,0
614,0
615,0
616,0
617,0
618,0
619,1
620,0
621,1
622,0
623,1
624,0
625,0
626,0
627,0
628,1
629,0
630,0
631,0
632,1
633,1
634,0
635,0
636,0
637,0
638,1
639,0
640,1
641,1
642,0
643,0
644,0
645,1
646,0
647,1
648,0
649,1
650,1
651,0
652,1
653,0
654,0
655,1
656,0
657,0
658,0
659,0
660,1
661,0
662,1
663,0
664,1
665,1
666,0
667,0
668,0
669,1
670,0
671,1
672,0
673,1
674,1
675,0
676,1
677,0
678,1
679,0
680,1
681,1
682,1
683,0
684,1
685,0
686,1
687,0
688,1
689,0
690,1
691,1
692,0
693,1
694,1
695,0
696,0
697,0
698,1
699,0
700,0
701,1
702,0
703,1
704,1
705,0
706,0
707,0
708,0
709,0
710,1
711,0
712,1
713,0
714,1
715,1
716,0
717,1
718,1
719,1
720,1
721,1
722,0
723,0
724,1
725,1
726,1
727,0
728,0
729,0
730,1
731,0
732,0
733,0
734,0
735,0
736,1
737,0
738,0
739,1
740,1
741,1
742,1
743,0
744,1
745,1
746,1
747,0
748,0
749,0
750,1
751,1
752,0
753,1
754,1
755,0
756,0
757,0
758,1
759,0
760,1
761,1
762,0
763,0
764,0
765,1
766,1
767,0
768,1
769,0
770,1
771,0
772,0
773,0
774,0
775,1
776,0
777,0
778,0
779,0
780,0
781,1
782,1
783,1
784,1
785,0
786,1
787,0
788,0
789,0
790,1
791,0
792,0
793,1
794,1
795,1
796,1
797,1
798,0
799,1
800,0
801,0
802,1
803,1
804,0
805,0
806,0
807,1
808,0
809,0
810,0
811,0
812,0
813,0
814,1
815,0
816,1
817,0
818,0
819,1
820,0
821,1
822,1
823,1
824,0
825,1
826,1
827,1
828,0
829,0
830,0
831,0
832,1
833,0
834,0
835,0
836,0
837,1
838,0
839,1
840,0
841,1
842,1
843,1
844,1
845,0
846,0
847,0
848,1
849,0
850,1
851,1
852,0
853,0
854,1
855,1
856,1
857,0
858,0
859,0
860,0
861,0
862,1
863,0
864,1
865,1
866,0
867,1
868,1
869,1
870,0
871,1
872,0
873,1
874,0
875,0
876,0
877,0
878,0
879,0
880,0
881,1
882,0
883,1
884,0
885,0
886,0
887,0
888,0
889,0
890,0
891,0
892,0
893,0
894,0
895,1
896,1
897,0
898,1
899,1
900,1
901,0
902,0
903,0
904,0
905,1
906,0
907,0
908,0
909,0
910,0
911,0
912,1
913,0
914,1
915,0
916,0
917,0
918,0
919,1
920,1
921,1
922,0
923,1
924,0
925,0
926,1
927,1
928,0
929,1
930,1
931,0
932,0
933,0
934,0
935,0
936,1
937,1
938,1
939,0
940,0
941,0
942,1
943,0
944,1
945,0
946,0
947,0
948,0
949,1
950,1
951,0
952,1
953,1
954,0
955,0
956,1
957,0
958,0
959,0
960,1
961,1
962,0
963,1
964,1
965,1
966,1
967,1
968,1
969,0
970,1
971,1
972,1
973,1
974,0
975,0
976,1
977,0
978,0
979,0
980,1
981,0
982,1
983,0
984,1
985,0
986,0
987,1
988,1
989,0
990,1
991,1
992,1
993,1
994,0
995,0
996,1
997,1
998,1
999,0
1000,1
1001,0
1002,0
1003,0
1004,1
1005,1
1006,0
1007,1
1008,1
1009,0
1010,1
1011,0
1012,0
1013,0
1014,0
1015,1
1016,0
1017,0
1018,0
1019,1
1020,0
1021,1
1022,1
1023,1
1024,1
1025,0
1026,0
1027,0
1028,0
1029,1
1030,1
1031,1
1032,1
1033,1
1034,1
1035,0
1036,0
1037,0
1038,0
1039,0
1040,0
1041,0
1042,1
1043,0
1044,1
1045,1
1046,1
1047,0
1048,1
1049,1
1050,1
1051,0
1052,1
1053,1
1054,0
1055,1
1056,1
1057,0
1058,1
1059,0
1060,0
1061,1
1062,0
1063,0
1064,0
1065,0
1066,0
1067,0
1068,0
1069,0
1070,0
1071,1
1072,0
1073,0
1074,0
1075,0
1076,1
1077,0
1078,1
1079,1
1080,0
1081,0
1082,1
1083,0
1084,0
1085,1
1086,1
1087,0
1088,1
1089,0
1090,0
1091,0
1092,0
1093,0
1094,1
1095,1
1096,0
1097,1
1098,1
1099,0
1100,0
1101,0
1102,1
1103,1
1104,1
1105,0
1106,1
1107,1
1108,1
1109,1
1110,0
1111,0
1112,1
1113,1
1114,1
1115,1
1116,0
1117,0
1118,0
1119,0
1120,0
1121,1
1122,0
1123,0
1124,0
1125,1
1126,1
1127,0
1128,0
1129,1
1130,0
1131,1
1132,1
1133,1
1134,0
1135,1
1136,1
1137,1
1138,0
1139,1
1140,0
1141,0
1142,1
1143,0
1144,0
1145,0
1146,0
1147,1
1148,0
1149,0
1150,1
1151,1
1152,0
1153,0
1154,0
1155,1
1156,1
1157,0
1158,1
1159,0
1160,0
1161,1
1162,1
1163,0
1164,0
1165,0
1166,1
1167,0
1168,0
1169,1
1170,0
1171,1
1172,1
1173,0
1174,1
1175,0
1176,0
1177,1
1178,0
1179,0
1180,0
1181,1
1182,0
1183,0
1184,1
1185,1
1186,1
1187,1
1188,1
1189,0
1190,1
1191,1
1192,1
1193,0
1194,0
1195,0
1196,0
1197,0
1198,1
1199,0
1200,1
1201,0
1202,1
1203,1
1204,0
1205,0
1206,1
1207,0
1208,0
1209,1
1210,1
1211,0
1212,1
1213,0
1214,0
1215,0
1216,0
1217,0
1218,0
1219,1
1220,0
1221,0
1222,1
1223,1
1224,0
1225,0
1226,1
1227,1
1228,1
1229,0
1230,0
1231,0
1232,0
1233,1
1234,1
1235,0
1236,1
1237,1
1238,1
1239,0
1240,0
1241,0
1242,0
1243,1
1244,0
1245,0
1246,1
1247,1
1248,1
1249,1
1250,1
1251,0
1252,1
1253,1
1254,1
1255,1
1256,1
1257,0
1258,1
1259,1
1260,0
1261,0
1262,0
1263,0
1264,0
1265,1
1266,0
1267,0
1268,1
1269,1
1270,0
1271,0
1272,0
1273,0
1274,0
1275,0
1276,0
1277,0
1278,1
1279,0
1280,1
1281,0
1282,1
1283,0
1284,0
1285,0
1286,0
1287,0
1288,0
1289,0
1290,0
1291,0
1292,1
1293,0
1294,0
1295,1
1296,0
1297,1
1298,0
1299,0
1300,0
1301,0
1302,0
1303,1
1304,0
1305,0
1306,1
1307,1
1308,1
1309,0
1310,1
1311,0
1312,0
1313,0
1314,1
1315,0
1316,1
1317,0
1318,0
1319,1
1320,0
1321,1
1322,0
1323,0
1324,0
1325,0
1326,1
1327,1
1328,0
1329,0
1330,0
1331,0
1332,1
1333,0
1334,0
1335,0
1336,1
1337,0
1338,1
1339,0
1340,1
1341,1
1342,1
1343,0
1344,0
1345,1
1346,0
1347,1
1348,0
1349,0
1350,0
1351,1
1352,0
1353,1
1354,0
1355,1
1356,1
1357,1
1358,0
1359,0
1360,1
1361,1
1362,0
1363,0
1364,0
1365,1
1366,0
1367,0
1368,0
1369,0
1370,0
1371,0
1372,1
1373,1
1374,0
1375,0
1376,1
1377,0
1378,1
1379,1
1380,0
1381,0
1382,0
1383,0
1384,0
1385,0
1386,0
1387,1
1388,0
1389,0
1390,0
1391,1
1392,0
1393,0
1394,0
1395,0
1396,1
1397,0
1398,0
1399,1
1400,0
1401,0
1402,1
1403,1
1404,0
1405,0
1406,1
1407,0
1408,0
1409,1
1410,0
1411,0
1412,1
1413,0
1414,1
1415,1
1416,1
1417,0
1418,0
1419,1
1420,0
1421,1
1422,0
1423,1
1424,0
1425,1
1426,0
1427,0
1428,0
1429,0
1430,1
1431,0
1432,0
1433,0
1434,0
1435,0
1436,0
1437,0
1438,0
1439,0
1440,0
1441,1
1442,0
1443,1
1444,0
1445,0
1446,0
1447,0
1448,0
1449,1
1450,0
1451,1
1452,1
1453,1
1454,0
1455,0
1456,1
1457,1
1458,1
1459,0
1460,0
1461,0
1462,0
1463,1
1464,0
1465,0
1466,1
1467,0
1468,1
1469,1
1470,1
1471,1
1472,1
1473,0
1474,0
1475,0
1476,0
1477,1
1478,1
1479,0
1480,0
1481,0
1482,0
1483,0
1484,0
1485,0
1486,0
1487,0
1488,1
1489,1
1490,0
1491,1
1492,0
1493,0
1494,1
1495,1
1496,1
1497,1
1498,0
1499,0
1500,1
1501,1
1502,1
1503,0
1504,0
1505,0
1506,0
1507,1
1508,1
1509,1
1510,0
1511,1
1512,1
1513,0
1514,0
1515,0
1516,0
1517,0
1518,0
1519,1
1520,1
1521,1
1522,0
1523,1
1524,1
1525,1
1526,0
1527,0
1528,1
1529,1
1530,1
1531,0
1532,0
1533,1
1534,1
1535,0
1536,0
1537,1
1538,0
1539,0
1540,0
1541,0
1542,1
1543,0
1544,1
1545,1
1546,0
1547,1
1548,1
1549,0
1550,0
1551,1
1552,0
1553,0
1554,0
1555,1
1556,1
1557,0
1558,0
1559,1
1560,1
1561,1
1562,0
1563,1
1564,1
1565,0
1566,0
1567,1
1568,0
1569,1
1570,0
1571,1
1572,1
1573,1
1574,1
1575,1
1576,1
1577,0
1578,0
1579,0
1580,0
1581,1
1582,1
1583,1
1584,0
1585,1
1586,0
1587,0
1588,0
1589,0
1590,0
1591,1
1592,0
1593,1
1594,0
1595,1
1596,0
1597,1
1598,0
1599,1
1600,0
1601,0
1602,0
1603,1
1604,0
1605,1
1606,0
1607,1
1608,1
1609,0
1610,0
1611,0
1612,1
1613,1
1614,0
1615,1
1616,0
1617,0
1618,1
1619,0
1620,1
1621,0
1622,1
1623,0
1624,1
1625,1
1626,1
1627,0
1628,1
1629,0
1630,1
1631,0
1632,0
1633,0
1634,0
1635,0
1636,0
1637,0
1638,0
1639,0
1640,0
1641,1
1642,1
1643,0
1644,0
1645,1
1646,1
1647,0
1648,1
1649,0
1650,0
1651,0
1652,0
1653,0
1654,0
1655,1
1656,1
1657,0
1658,1
1659,0
1660,0
1661,0
1662,0
1663,0
1664,1
1665,0
1666,1
1667,1
1668,0
1669,1
1670,0
1671,1
1672,0
1673,0
1674,0
1675,0
1676,1
1677,0
1678,0
1679,0
1680,1
1681,0
1682,0
1683,0
1684,0
1685,1
1686,1
1687,0
1688,0
1689,0
1690,0
1691,0
1692,0
1693,0
1694,0
1695,1
1696,0
1697,0
1698,1
1699,0
1700,0
1701,1
1702,1
1703,0
1704,0
1705,1
1706,1
1707,1
1708,0
1709,1
1710,1
1711,1
1712,1
1713,1
1714,1
1715,0
1716,0
1717,1
1718,1
1719,1
1720,0
1721,0
1722,0
1723,0
1724,1
1725,0
1726,0
1727,0
1728,0
1729,1
1730,1
1731,0
1732,1
1733,0
1734,1
1735,0
1736,0
1737,1
1738,0
1739,1
1740,0
1741,1
1742,1
1743,0
1744,0
1745,0
1746,1
1747,0
1748,1
1749,0
1750,1
1751,0
1752,0
1753,0
1754,1
1755,0
1756,0
1757,1
1758,1
1759,1
1760,0
1761,0
1762,1
1763,1
1764,1
1765,1
1766,0
1767,1
1768,1
1769,0
1770,1
1771,0
1772,0
1773,1
1774,1
1775,0
1776,0
1777,1
1778,0
1779,1
1780,1
1781,0
1782,0
1783,0
1784,0
1785,1
1786,1
1787,1
1788,0
1789,1
1790,1
1791,0
1792,0
1793,0
1794,0
1795,1
1796,0
1797,1
1798,0
1799,0
1800,0
1801,0
1802,0
1803,0
1804,0
1805,1
1806,0
1807,1
1808,0
1809,0
1810,0
1811,0
1812,1
1813,1
1814,1
1815,0
1816,1
1817,0
1818,1
1819,0
1820,0
1821,0
1822,1
1823,0
1824,0
1825,1
1826,1
1827,1
1828,0
1829,0
1830,1
1831,0
1832,1
1833,1
1834,0
1835,0
1836,1
1837,0
1838,0
1839,1
1840,0
1841,0
1842,0
1843,1
1844,0
1845,1
1846,1
1847,1
1848,0
1849,0
1850,0
1851,1
1852,0
1853,0
1854,0
1855,1
1856,0
1857,1
1858,1
1859,1
1860,1
1861,1
1862,0
1863,0
1864,1
1865,0
1866,0
1867,0
1868,0
1869,0
1870,1
1871,0
1872,0
1873,0
1874,0
1875,0
1876,0
1877,1
1878,0
1879,0
1880,0
1881,1
1882,1
1883,0
1884,0
1885,0
1886,0
1887,1
1888,1
1889,0
1890,0
1891,0
1892,1
1893,0
1894,0
1895,0
1896,0
1897,0
1898,0
1899,1
1900,1
1901,1
1902,0
1903,1
1904,0
1905,1
1906,0
1907,1
1908,0
1909,1
1910,0
1911,1
1912,1
1913,1
1914,1
1915,1
1916,0
1917,1
1918,1
1919,1
1920,1
1921,1
1922,0
1923,0
1924,1
1925,0
1926,1
1927,1
1928,0
1929,1
1930,0
1931,0
1932,0
1933,0
1934,0
1935,1
1936,1
1937,0
1938,0
1939,0
1940,0
1941,1
1942,1
1943,0
1944,1
1945,0
1946,0
1947,1
1948,0
1949,1
1950,1
1951,1
1952,0
1953,0
1954,0
1955,1
1956,0
1957,0
1958,1
1959,0
1960,1
1961,1
1962,0
1963,1
1964,0
1965,0
1966,0
1967,0
1968,1
1969,0
1970,0
1971,1
1972,0
1973,0
1974,0
1975,1
1976,1
1977,1
1978,0
1979,0
1980,1
1981,1
1982,0
1983,1
1984,0
1985,0
1986,0
1987,0
1988,1
1989,0
1990,0
1991,0
1992,0
1993,1
1994,1
1995,1
1996,0
1997,1
1998,0
1999,0
2000,0
2001,1
2002,1
2003,1
2004,0
2005,1
2006,0
2007,0
2008,1
2009,1
2010,0
2011,1
2012,1
2013,0
2014,0
2015,1
2016,1
2017,0
2018,1
2019,0
2020,1
2021,0
2022,0
2023,0
2024,0
2025,0
2026,1
2027,0
2028,0
2029,0
2030,0
2031,0
2032,1
2033,0
2034,1
2035,0
2036,0
2037,1
2038,0
2039,0
2040,1
2041,0
2042,0
2043,1
2044,0
2045,1
2046,1
2047,1
2048,1
2049,0
2050,0
2051,1
2052,1
2053,0
2054,1
2055,1
2056,0
2057,0
2058,0
2059,1
2060,1
2061,0
2062,0
2063,0
2064,1
2065,1
2066,0
2067,0
2068,0
2069,1
2070,0
2071,1
2072,0
2073,0
2074,0
2075,0
2076,0
2077,0
2078,0
2079,0
2080,0
2081,1
2082,0
2083,0
2084,0
2085,0
2086,1
2087,0
2088,1
2089,0
2090,1
2091,0
2092,1
2093,0
2094,1
2095,0
2096,0
2097,1
2098,0
2099,1
2100,0
2101,0
2102,0
2103,0
2104,0
2105,0
2106,0
2107,0
2108,1
2109,0
2110,0
2111,1
2112,1
2113,1
2114,1
2115,0
2116,0
2117,0
2118,0
2119,0
2120,0
2121,1
2122,0
2123,0
2124,0
2125,1
2126,1
2127,1
2128,0
2129,0
2130,0
2131,0
2132,0
2133,0
2134,0
2135,0
2136,1
2137,0
2138,0
2139,1
2140,0
2141,0
2142,0
2143,0
2144,0
2145,0
2146,0
2147,1
2148,0
2149,0
2150,0
2151,0
2152,1
2153,1
2154,0
2155,1
2156,1
2157,0
2158,0
2159,0
2160,1
2161,0
2162,1
2163,1
2164,0
2165,0
2166,1
2167,0
2168,0
2169,0
2170,0
2171,1
2172,0
2173,0
2174,1
2175,0
2176,0
2177,1
2178,0
2179,0
2180,1
2181,1
2182,0
2183,1
2184,0
2185,1
2186,0
2187,0
2188,1
2189,0
2190,0
2191,0
2192,1
2193,1
2194,1
2195,1
2196,0
2197,0
2198,1
2199,0
2200,0
2201,0
2202,1
2203,1
2204,1
2205,1
2206,0
2207,1
2208,1
2209,1
2210,0
2211,0
2212,0
2213,0
2214,1
2215,1
2216,0
2217,1
2218,0
2219,1
2220,0
2221,1
2222,0
2223,0
2224,0
2225,1
2226,0
2227,0
2228,1
2229,1
2230,1
2231,0
2232,0
2233,1
2234,0
2235,0
2236,0
2237,0
2238,0
2239,0
2240,1
2241,1
2242,0
2243,0
2244,1
2245,1
2246,1
2247,1
2248,1
2249,1
2250,1
2251,0
2252,0
2253,0
2254,1
2255,0
2256,1
2257,1
2258,0
2259,1
2260,0
2261,0
2262,0
2263,1
2264,1
2265,0
2266,0
2267,1
2268,1
2269,0
2270,0
2271,0
2272,1
2273,1
2274,0
2275,1
2276,1
2277,1
2278,1
2279,1
2280,0
2281,0
2282,0
2283,0
2284,0
2285,1
2286,1
2287,0
2288,1
2289,0
2290,0
2291,1
2292,1
2293,0
2294,0
2295,0
2296,1
2297,1
2298,1
2299,1
2300,1
2301,1
2302,0
2303,1
2304,0
2305,0
2306,0
2307,0
2308,1
2309,0
2310,1
2311,1
2312,0
2313,1
2314,0
2315,1
2316,0
2317,1
2318,0
2319,0
2320,0
2321,0
2322,0
2323,0
2324,0
2325,1
2326,1
2327,1
2328,1
2329,0
2330,0
2331,0
2332,0
2333,0
2334,1
2335,0
2336,1
2337,0
2338,0
2339,1
2340,0
2341,1
2342,1
2343,1
2344,0
2345,0
2346,0
2347,1
2348,0
2349,0
2350,1
2351,1
2352,0
2353,0
2354,0
2355,1
2356,1
2357,1
2358,1
2359,0
2360,1
2361,0
2362,0
2363,1
2364,0
2365,1
2366,0
2367,0
2368,0
2369,1
2370,1
2371,1
2372,0
2373,1
2374,1
2375,1
2376,0
2377,1
2378,0
2379,0
2380,0
2381,0
2382,1
2383,0
2384,0
2385,0
2386,1
2387,1
2388,1
2389,1
2390,1
2391,1
2392,0
2393,0
2394,1
2395,1
2396,0
2397,0
2398,1
2399,0
2400,1
2401,0
2402,1
2403,0
2404,0
2405,0
2406,0
2407,1
2408,1
2409,0
2410,0
2411,0
2412,0
2413,0
2414,1
2415,0
2416,1
2417,0
2418,1
2419,0
2420,0
2421,1
2422,1
2423,0
2424,0
2425,0
2426,0
2427,0
2428,1
2429,1
2430,1
2431,1
2432,0
2433,1
2434,0
2435,1
2436,0
2437,0
2438,0
2439,0
2440,1
2441,0
2442,0
2443,0
2444,0
2445,0
2446,0
2447,1
2448,1
2449,1
2450,0
2451,0
2452,1
2453,0
2454,0
2455,1
2456,0
2457,0
2458,0
2459,0
2460,0
2461,1
2462,0
2463,1
2464,0
2465,0
2466,1
2467,1
2468,0
2469,0
2470,0
2471,0
2472,0
2473,1
2474,1
2475,1
2476,1
2477,1
2478,0
2479,1
2480,1
2481,1
2482,1
2483,1
2484,0
2485,1
2486,1
2487,0
2488,0
2489,1
2490,0
2491,1
2492,0
2493,1
2494,1
2495,0
2496,0
2497,1
2498,0
2499,0
2500,0
2501,1
2502,1
2503,0
2504,1
2505,0
2506,1
2507,0
2508,0
2509,0
2510,1
2511,0
2512,1
2513,1
2514,0
2515,1
2516,0
2517,0
2518,1
2519,0
2520,0
2521,1
2522,0
2523,1
2524,0
2525,1
2526,0
2527,0
2528,0
2529,1
2530,0
2531,0
2532,1
2533,1
2534,0
2535,0
2536,0
2537,0
2538,1
2539,1
2540,1
2541,0
2542,1
2543,1
2544,0
2545,1
2546,1
2547,0
2548,0
2549,0
2550,0
2551,1
2552,0
2553,0
2554,1
2555,0
2556,0
2557,1
2558,1
2559,1
2560,0
2561,0
2562,0
2563,0
2564,0
2565,0
2566,0
2567,0
2568,1
2569,0
2570,0
2571,0
2572,1
2573,1
2574,1
2575,0
2576,1
2577,0
2578,0
2579,1
2580,0
2581,0
2582,1
2583,1
2584,0
2585,0
2586,0
2587,0
2588,0
2589,1
2590,0
2591,0
2592,0
2593,1
2594,1
2595,1
2596,1
2597,1
2598,0
2599,1
2600,0
2601,0
2602,0
2603,1
2604,1
2605,1
2606,0
2607,1
2608,0
2609,1
2610,1
2611,1
2612,0
2613,0
2614,0
2615,0
2616,1
2617,0
2618,0
2619,1
2620,1
2621,0
2622,0
2623,0
2624,1
2625,0
2626,0
2627,1
2628,0
2629,1
2630,0
2631,0
2632,0
2633,1
2634,0
2635,0
2636,0
2637,0
2638,0
2639,1
2640,0
2641,1
2642,1
2643,1
2644,0
2645,0
2646,0
2647,0
2648,0
2649,1
2650,1
2651,1
2652,0
2653,0
2654,0
2655,0
2656,1
2657,0
2658,0
2659,1
2660,1
2661,1
2662,1
2663,0
2664,0
2665,0
2666,0
2667,0
2668,0
2669,0
2670,0
2671,0
2672,1
2673,0
2674,1
2675,1
2676,0
2677,1
2678,0
2679,0
2680,0
2681,0
2682,1
2683,0
2684,0
2685,0
2686,0
2687,0
2688,1
2689,1
2690,0
2691,1
2692,1
2693,0
2694,1
2695,0
2696,0
2697,1
2698,1
2699,1
2700,0
2701,0
2702,1
2703,0
2704,1
2705,0
2706,1
2707,0
2708,1
2709,1
2710,0
2711,0
2712,1
2713,1
2714,0
2715,1
2716,0
2717,1
2718,0
2719,1
2720,0
2721,1
2722,0
2723,1
2724,1
2725,1
2726,1
2727,0
2728,0
2729,0
2730,0
2731,1
2732,0
2733,1
2734,0
2735,1
2736,1
2737,0
2738,1
2739,0
2740,1
2741,0
2742,1
2743,0
2744,0
2745,1
2746,1
2747,0
2748,0
2749,1
2750,0
2751,0
2752,1
2753,1
2754,0
2755,1
2756,1
2757,0
2758,1
2759,1
2760,0
2761,1
2762,0
2763,0
2764,0
2765,0
2766,1
2767,1
2768,0
2769,0
2770,0
2771,0
2772,0
2773,0
2774,1
2775,0
2776,1
2777,0
2778,0
2779,0
2780,0
2781,0
2782,1
2783,0
2784,1
2785,1
2786,0
2787,0
2788,1
2789,1
2790,1
2791,0
2792,1
2793,0
2794,0
2795,0
2796,0
2797,0
2798,0
2799,1
2800,0
2801,0
2802,0
2803,1
2804,1
2805,0
2806,0
2807,1
2808,0
2809,1
2810,1
2811,0
2812,0
2813,1
2814,0
2815,0
2816,1
2817,0
2818,1
2819,1
2820,1
2821,0
2822,1
2823,0
2824,0
2825,1
2826,0
2827,0
2828,1
2829,0
2830,1
2831,0
2832,0
2833,1
2834,0
2835,0
2836,1
2837,0
2838,1
2839,0
2840,0
2841,0
2842,0
2843,1
2844,0
2845,1
2846,0
2847,0
2848,0
2849,1
2850,0
2851,1
2852,1
2853,1
2854,1
2855,1
2856,0
2857,0
2858,1
2859,1
2860,0
2861,1
2862,0
2863,1
2864,0
2865,1
2866,0
2867,1
2868,1
2869,1
2870,0
2871,0
2872,1
2873,0
2874,1
2875,0
2876,1
2877,0
2878,1
2879,1
2880,0
2881,0
2882,0
2883,0
2884,0
2885,0
2886,1
2887,1
2888,1
2889,1
2890,0
2891,1
2892,0
2893,0
2894,1
2895,0
2896,0
2897,0
2898,0
2899,0
2900,1
2901,0
2902,0
2903,0
2904,0
2905,1
2906,0
2907,0
2908,0
2909,0
2910,0
2911,1
2912,0
2913,0
2914,0
2915,0
2916,1
2917,0
2918,0
2919,0
2920,1
2921,1
2922,0
2923,0
2924,1
2925,1
2926,0
2927,0
2928,0
2929,0
2930,0
2931,1
2932,0
2933,0
2934,0
2935,1
2936,0
2937,0
2938,0
2939,0
2940,0
2941,1
2942,0
2943,0
2944,0
2945,1
2946,0
2947,1
2948,0
2949,0
2950,1
2951,0
2952,0
2953,1
2954,1
2955,1
2956,1
2957,1
2958,0
2959,0
2960,1
2961,1
2962,0
2963,1
2964,0
2965,0
2966,1
2967,1
2968,0
2969,1
2970,0
2971,1
2972,0
2973,0
2974,1
2975,0
2976,1
2977,1
2978,0
2979,1
2980,0
2981,1
2982,0
2983,1
2984,0
2985,0
2986,0
2987,1
2988,0
2989,1
2990,1
2991,1
2992,0
2993,0
2994,1
2995,0
2996,0
2997,1
2998,0
2999,0
3000,1
3001,1
3002,1
3003,0
3004,0
3005,0
3006,0
3007,0
3008,0
3009,0
3010,0
3011,0
3012,0
3013,1
3014,1
3015,1
3016,0
3017,0
3018,1
3019,1
3020,0
3021,0
3022,1
3023,1
3024,0
3025,0
3026,0
3027,0
3028,1
3029,0
3030,0
3031,1
3032,1
3033,1
3034,0
3035,1
3036,0
3037,0
3038,0
3039,0
3040,0
3041,1
3042,0
3043,1
3044,1
3045,0
3046,1
3047,1
3048,0
3049,1
3050,0
3051,0
3052,1
3053,0
3054,0
3055,0
3056,0
3057,0
3058,0
3059,0
3060,1
3061,0
3062,0
3063,1
3064,1
3065,0
3066,0
3067,1
3068,1
3069,0
3070,0
3071,0
3072,0
3073,0
3074,0
3075,1
3076,1
3077,1
3078,0
3079,0
3080,1
3081,1
3082,1
3083,0
3084,0
3085,1
3086,0
3087,1
3088,1
3089,1
3090,0
3091,0
3092,1
3093,0
3094,0
3095,1
3096,1
3097,0
3098,1
3099,0
3100,1
3101,1
3102,1
3103,0
3104,1
3105,0
3106,0
3107,1
3108,1
3109,0
3110,0
3111,0
3112,1
3113,1
3114,0
3115,0
3116,1
3117,0
3118,1
3119,1
3120,1
3121,0
3122,0
3123,1
3124,0
3125,1
3126,1
3127,1
3128,1
3129,1
3130,1
3131,0
3132,1
3133,0
3134,0
3135,1
3136,0
3137,0
3138,0
3139,0
3140,1
3141,1
3142,1
3143,0
3144,1
3145,0
3146,0
3147,0
3148,1
3149,0
3150,1
3151,1
3152,0
3153,0
3154,1
3155,0
3156,1
3157,1
3158,1
3159,0
3160,1
3161,1
3162,0
3163,0
3164,0
3165,1
3166,0
3167,0
3168,1
3169,0
3170,1
3171,1
3172,0
3173,0
3174,1
3175,0
3176,0
3177,1
3178,0
3179,1
3180,1
3181,1
3182,0
3183,1
3184,0
3185,0
3186,0
3187,0
3188,0
3189,0
3190,1
3191,0
3192,1
3193,0
3194,0
3195,0
3196,1
3197,0
3198,1
3199,0
3200,1
3201,0
3202,1
3203,0
3204,1
3205,0
3206,0
3207,0
3208,1
3209,0
3210,0
3211,1
3212,0
3213,1
3214,0
3215,0
3216,1
3217,1
3218,0
3219,1
3220,0
3221,0
3222,0
3223,0
3224,1
3225,1
3226,0
3227,0
3228,1
3229,0
3230,0
3231,1
3232,0
3233,0
3234,0
3235,0
3236,0
3237,0
3238,0
3239,0
3240,0
3241,1
3242,0
3243,0
3244,1
3245,0
3246,1
3247,0
3248,1
3249,0
3250,0
3251,0
3252,1
3253,1
3254,0
3255,1
3256,0
3257,1
3258,0
3259,1
3260,1
3261,1
3262,0
3263,0
3264,1
3265,0
3266,0
3267,0
3268,0
3269,1
3270,0
3271,1
3272,1
3273,0
3274,1
3275,0
3276,0
3277,1
3278,0
3279,0
3280,1
3281,1
3282,1
3283,1
3284,0
3285,0
3286,0
3287,1
3288,1
3289,0
3290,0
3291,0
3292,1
3293,0
3294,0
3295,0
3296,1
3297,0
3298,1
3299,0
3300,0
3301,1
3302,1
3303,1
3304,0
3305,1
3306,0
3307,0
3308,1
3309,0
3310,0
3311,0
3312,0
3313,0
3314,1
3315,0
3316,0
3317,1
3318,1
3319,0
3320,1
3321,0
3322,1
3323,0
3324,1
3325,1
3326,1
3327,0
3328,0
3329,1
3330,0
3331,1
3332,1
3333,1
3334,1
3335,0
3336,0
3337,1
3338,1
3339,0
3340,1
3341,1
3342,0
3343,1
3344,0
3345,0
3346,0
3347,0
3348,0
3349,0
3350,0
3351,0
3352,0
3353,1
3354,1
3355,1
3356,0
3357,0
3358,0
3359,0
3360,0
3361,0
3362,1
3363,0
3364,1
3365,0
3366,1
3367,0
3368,0
3369,0
3370,0
3371,1
3372,1
3373,1
3374,0
3375,0
3376,0
3377,0
3378,1
3379,0
3380,0
3381,0
3382,1
3383,0
3384,1
3385,0
3386,0
3387,0
3388,1
3389,1
3390,1
3391,0
3392,0
3393,0
3394,0
3395,1
3396,1
3397,0
3398,0
3399,1
3400,0
3401,1
3402,0
3403,1
3404,0
3405,0
3406,0
3407,1
3408,1
3409,1
3410,0
3411,1
3412,0
3413,0
3414,0
3415,1
3416,1
3417,1
3418,0
3419,0
3420,0
3421,1
3422,0
3423,0
3424,1
3425,0
3426,1
3427,0
3428,0
3429,1
3430,0
3431,1
3432,0
3433,1
3434,0
3435,0
3436,0
3437,1
3438,0
3439,0
3440,1
3441,1
3442,0
3443,0
3444,1
3445,0
3446,1
3447,0
3448,0
3449,1
3450,1
3451,1
3452,1
3453,0
3454,1
3455,1
3456,1
3457,1
3458,0
3459,0
3460,0
3461,1
3462,1
3463,1
3464,0
3465,0
3466,1
3467,0
3468,0
3469,0
3470,0
3471,1
3472,1
3473,0
3474,0
3475,0
3476,0
3477,0
3478,0
3479,1
3480,1
3481,0
3482,0
3483,1
3484,0
3485,1
3486,0
3487,0
3488,0
3489,0
3490,1
3491,0
3492,0
3493,0
3494,1
3495,1
3496,0
3497,0
3498,0
3499,1
3500,1
3501,0
3502,0
3503,1
3504,1
3505,0
3506,1
3507,0
3508,1
3509,0
3510,0
3511,0
3512,0
3513,1
3514,0
3515,0
3516,0
3517,0
3518,0
3519,1
3520,0
3521,0
3522,0
3523,0
3524,0
3525,0
3526,1
3527,1
3528,0
3529,1
3530,1
3531,1
3532,0
3533,0
3534,0
3535,0
3536,0
3537,1
3538,0
3539,0
3540,0
3541,0
3542,0
3543,0
3544,0
3545,0
3546,0
3547,0
3548,0
3549,0
3550,0
3551,0
3552,1
3553,1
3554,1
3555,1
3556,1
3557,1
3558,1
3559,0
3560,1
3561,0
3562,0
3563,0
3564,1
3565,0
3566,0
3567,0
3568,1
3569,0
3570,1
3571,0
3572,1
3573,0
3574,1
3575,0
3576,1
3577,1
3578,1
3579,1
3580,0
3581,1
3582,1
3583,0
3584,1
3585,0
3586,0
3587,0
3588,0
3589,0
3590,1
3591,0
3592,1
3593,1
3594,1
3595,1
3596,1
3597,0
3598,0
3599,0
3600,1
3601,0
3602,1
3603,0
3604,0
3605,0
3606,0
3607,1
3608,0
3609,1
3610,1
3611,1
3612,1
3613,0
3614,0
3615,1
3616,0
3617,1
3618,0
3619,0
3620,1
3621,0
3622,0
3623,0
3624,0
3625,0
3626,1
3627,0
3628,0
3629,0
3630,1
3631,0
3632,0
3633,0
3634,0
3635,0
3636,1
3637,1
3638,0
3639,0
3640,0
3641,0
3642,0
3643,1
3644,1
3645,1
3646,0
3647,1
3648,0
3649,1
3650,0
3651,1
3652,0
3653,0
3654,0
3655,0
3656,0
3657,0
3658,1
3659,1
3660,1
3661,1
3662,0
3663,0
3664,1
3665,1
3666,0
3667,0
3668,1
3669,0
3670,0
3671,0
3672,1
3673,1
3674,0
3675,1
3676,1
3677,0
3678,1
3679,1
3680,0
3681,0
3682,1
3683,1
3684,0
3685,1
3686,1
3687,1
3688,0
3689,0
3690,1
3691,0
3692,1
3693,1
3694,0
3695,1
3696,1
3697,0
3698,0
3699,0
3700,1
3701,1
3702,0
3703,0
3704,1
3705,0
3706,0
3707,0
3708,0
3709,0
3710,0
3711,0
3712,1
3713,1
3714,1
3715,1
3716,0
3717,1
3718,0
3719,1
3720,0
3721,0
3722,0
3723,1
3724,1
3725,1
3726,0
3727,0
3728,1
3729,1
3730,1
3731,0
3732,0
3733,1
3734,0
3735,1
3736,0
3737,0
3738,0
3739,1
3740,0
3741,0
3742,1
3743,0
3744,1
3745,0
3746,0
3747,0
3748,0
3749,1
3750,1
3751,0
3752,1
3753,0
3754,0
3755,1
3756,0
3757,0
3758,0
3759,0
3760,0
3761,0
3762,0
3763,0
3764,1
3765,0
3766,1
3767,0
3768,1
3769,1
3770,1
3771,1
3772,1
3773,0
3774,0
3775,0
3776,1
3777,1
3778,1
3779,0
3780,1
3781,0
3782,0
3783,0
3784,0
3785,1
3786,0
3787,0
3788,1
3789,0
3790,1
3791,1
3792,1
3793,1
3794,0
3795,0
3796,0
3797,0
3798,0
3799,0
3800,1
3801,1
3802,0
3803,1
3804,0
3805,1
3806,0
3807,0
3808,1
3809,0
3810,1
3811,0
3812,0
3813,1
3814,0
3815,1
3816,1
3817,1
3818,0
3819,0
3820,0
3821,0
3822,0
3823,1
3824,0
3825,1
3826,0
3827,0
3828,1
3829,1
3830,1
3831,0
3832,0
3833,0
3834,0
3835,1
3836,1
3837,0
3838,1
3839,1
3840,0
3841,1
3842,0
3843,0
3844,1
3845,0
3846,0
3847,0
3848,1
3849,1
3850,0
3851,0
3852,0
3853,1
3854,1
3855,0
3856,1
3857,1
3858,0
3859,0
3860,0
3861,1
3862,0
3863,1
3864,0
3865,1
3866,1
3867,1
3868,1
3869,0
3870,0
3871,0
3872,1
3873,0
3874,1
3875,1
3876,1
3877,1
3878,1
3879,0
3880,1
3881,1
3882,0
3883,0
3884,0
3885,1
3886,1
3887,0
3888,0
3889,0
3890,0
3891,0
3892,0
3893,1
3894,0
3895,1
3896,1
3897,0
3898,0
3899,1
3900,0
3901,1
3902,0
3903,0
3904,1
3905,1
3906,0
3907,0
3908,1
3909,0
3910,0
3911,0
3912,0
3913,1
3914,1
3915,1
3916,0
3917,1
3918,1
3919,1
3920,0
3921,1
3922,0
3923,0
3924,1
3925,0
3926,0
3927,0
3928,0
3929,0
3930,1
3931,0
3932,1
3933,0
3934,0
3935,0
3936,0
3937,0
3938,1
3939,1
3940,0
3941,1
3942,1
3943,1
3944,1
3945,1
3946,0
3947,1
3948,0
3949,0
3950,0
3951,0
3952,0
3953,1
3954,1
3955,1
3956,1
3957,1
3958,0
3959,0
3960,1
3961,0
3962,0
3963,0
3964,0
3965,0
3966,0
3967,1
3968,1
3969,1
3970,1
3971,0
3972,1
3973,0
3974,0
3975,1
3976,0
3977,1
3978,0
3979,0
3980,0
3981,1
3982,1
3983,1
3984,0
3985,1
3986,1
3987,1
3988,0
3989,0
3990,1
3991,0
3992,0
3993,0
3994,0
3995,0
3996,0
3997,0
3998,1
3999,0
4000,1
4001,0
4002,0
4003,0
4004,0
4005,0
4006,0
4007,0
4008,0
4009,1
4010,1
4011,0
4012,0
4013,1
4014,0
4015,0
4016,1
4017,0
4018,0
4019,0
4020,1
4021,1
4022,1
4023,0
4024,0
4025,1
4026,0
4027,0
4028,1
4029,0
4030,0
4031,0
4032,0
4033,0
4034,1
4035,0
4036,0
4037,1
4038,0
4039,1
4040,1
4041,1
4042,1
4043,0
4044,1
4045,0
4046,0
4047,1
4048,1
4049,0
4050,0
4051,1
4052,1
4053,1
4054,1
4055,1
4056,0
4057,1
4058,1
4059,0
4060,1
4061,0
4062,0
4063,1
4064,0
4065,0
4066,0
4067,1
4068,1
4069,0
4070,1
4071,0
4072,0
4073,1
4074,1
4075,1
4076,1
4077,1
4078,0
4079,0
4080,1
4081,0
4082,0
4083,1
4084,1
4085,0
4086,1
4087,1
4088,0
4089,1
4090,1
4091,0
4092,0
4093,1
4094,0
4095,0
4096,1
4097,0
4098,1
4099,1
4100,0
4101,0
4102,1
4103,1
4104,0
4105,1
4106,0
4107,0
4108,0
4109,1
4110,1
4111,0
4112,1
4113,0
4114,0
4115,1
4116,0
4117,0
4118,0
4119,0
4120,0
4121,1
4122,0
4123,0
4124,0
4125,0
4126,1
4127,0
4128,1
4129,0
4130,0
4131,1
4132,0
4133,1
4134,1
4135,1
4136,0
4137,0
4138,1
4139,1
4140,1
4141,0
4142,0
4143,0
4144,0
4145,1
4146,0
4147,1
4148,0
4149,1
4150,1
4151,1
4152,0
4153,0
4154,1
4155,0
4156,1
4157,1
4158,1
4159,0
4160,0
4161,1
4162,1
4163,0
4164,0
4165,1
4166,0
4167,0
4168,0
4169,1
4170,0
4171,1
4172,1
4173,1
4174,1
4175,0
4176,0
4177,1
4178,0
4179,1
4180,0
4181,1
4182,1
4183,1
4184,1
4185,1
4186,0
4187,1
4188,0
4189,1
4190,1
4191,1
4192,0
4193,1
4194,0
4195,1
4196,0
4197,1
4198,1
4199,1
4200,0
4201,0
4202,0
4203,0
4204,1
4205,1
4206,0
4207,0
4208,0
4209,0
4210,1
4211,0
4212,0
4213,0
4214,0
4215,1
4216,1
4217,0
4218,1
4219,0
4220,1
4221,1
4222,0
4223,0
4224,0
4225,1
4226,0
4227,1
4228,0
4229,1
4230,0
4231,0
4232,0
4233,0
4234,0
4235,1
4236,1
4237,0
4238,1
4239,0
4240,1
4241,0
4242,0
4243,0
4244,0
4245,0
4246,0
4247,0
4248,1
4249,1
4250,1
4251,0
4252,1
4253,0
4254,1
4255,0
4256,0
4257,1
4258,0
4259,1
4260,0
4261,1
4262,0
4263,0
4264,1
4265,0
4266,0
4267,0
4268,1
4269,1
4270,0
4271,1
4272,1
4273,1
4274,1
4275,0
4276,0
4277,0
4278,1
4279,1
4280,0
4281,1
4282,1
4283,1
4284,0
4285,1
4286,0
4287,1
4288,1
4289,0
4290,1
4291,0
4292,0
4293,0
4294,1
4295,0
4296,0
4297,1
4298,0
4299,1
4300,0
4301,1
4302,1
4303,0
4304,0
4305,1
4306,0
4307,0
4308,1
4309,0
4310,0
4311,1
4312,0
4313,0
4314,1
4315,1
4316,0
4317,1
4318,0
4319,0
4320,1
4321,0
4322,1
4323,1
4324,0
4325,1
4326,1
4327,1
4328,0
4329,1
4330,0
4331,0
4332,0
4333,0
4334,0
4335,0
4336,0
4337,1
4338,1
4339,0
4340,1
4341,0
4342,0
4343,0
4344,0
4345,0
4346,1
4347,1
4348,1
4349,0
4350,1
4351,0
4352,0
4353,1
4354,1
4355,1
4356,1
4357,0
4358,0
4359,0
4360,0
4361,0
4362,0
4363,0
4364,1
4365,1
4366,1
4367,1
4368,1
4369,1
4370,0
4371,0
4372,1
4373,1
4374,0
4375,0
4376,1
4377,0
4378,1
4379,1
4380,0
4381,0
4382,1
4383,1
4384,0
4385,1
4386,0
4387,1
4388,0
4389,0
4390,0
4391,0
4392,0
4393,0
4394,1
4395,1
4396,0
4397,1
4398,1
4399,1
4400,0
4401,0
4402,0
4403,0
4404,0
4405,1
4406,0
4407,1
4408,0
4409,0
4410,1
4411,1
4412,0
4413,0
4414,0
4415,1
4416,0
4417,0
4418,1
4419,0
4420,0
4421,1
4422,0
4423,1
4424,1
4425,0
4426,1
4427,0
4428,1
4429,0
4430,1
4431,1
4432,0
4433,1
4434,0
4435,0
4436,0
4437,1
4438,0
4439,0
4440,1
4441,1
4442,0
4443,0
4444,1
4445,1
4446,0
4447,0
4448,0
4449,1
4450,1
4451,0
4452,0
4453,0
4454,0
4455,0
4456,1
4457,0
4458,0
4459,0
4460,1
4461,0
4462,0
4463,1
4464,0
4465,0
4466,1
4467,1
4468,0
4469,0
4470,1
4471,0
4472,0
4473,1
4474,0
4475,1
4476,0
4477,1
4478,1
4479,0
4480,1
4481,0
4482,0
4483,1
4484,1
4485,1
4486,0
4487,1
4488,1
4489,0
4490,0
4491,1
4492,0
4493,0
4494,0
4495,0
4496,0
4497,0
4498,1
4499,1
4500,1
4501,0
4502,0
4503,0
4504,1
4505,0
4506,1
4507,0
4508,1
4509,1
4510,1
4511,0
4512,0
4513,1
4514,0
4515,1
4516,0
4517,0
4518,0
4519,1
4520,0
4521,0
4522,0
4523,1
4524,0
4525,0
4526,1
4527,0
4528,0
4529,1
4530,1
4531,0
4532,1
4533,1
4534,0
4535,0
4536,0
4537,1
4538,1
4539,1
4540,1
4541,1
4542,0
4543,0
4544,0
4545,0
4546,0
4547,0
4548,1
4549,0
4550,1
4551,1
4552,0
4553,1
4554,0
4555,0
4556,1
4557,1
4558,1
4559,1
4560,1
4561,1
4562,1
4563,0
4564,1
4565,1
4566,1
4567,1
4568,1
4569,0
4570,1
4571,0
4572,1
4573,1
4574,0
4575,0
4576,0
4577,1
4578,0
4579,1
4580,0
4581,1
4582,0
4583,1
4584,1
4585,1
4586,1
4587,1
4588,1
4589,0
4590,0
4591,1
4592,1
4593,1
4594,0
4595,0
4596,0
4597,0
4598,0
4599,0
4600,0
4601,0
4602,0
4603,1
4604,0
4605,0
4606,0
4607,0
4608,0
4609,0
4610,0
4611,1
4612,0
4613,1
4614,1
4615,1
4616,1
4617,0
4618,0
4619,1
4620,0
4621,0
4622,0
4623,1
4624,0
4625,0
4626,1
4627,1
4628,1
4629,1
4630,0
4631,0
4632,1
4633,0
4634,0
4635,0
4636,1
4637,1
4638,0
4639,1
4640,0
4641,0
4642,0
4643,0
4644,0
4645,0
4646,0
4647,0
4648,1
4649,0
4650,0
4651,1
4652,1
4653,1
4654,0
4655,0
4656,0
4657,0
4658,0
4659,1
4660,1
4661,0
4662,1
4663,1
4664,1
4665,0
4666,1
4667,1
4668,1
4669,0
4670,0
4671,1
4672,0
4673,0
4674,0
4675,1
4676,1
4677,1
4678,1
4679,1
4680,0
4681,1
4682,0
4683,0
4684,1
4685,1
4686,1
4687,0
4688,1
4689,1
4690,1
4691,1
4692,1
4693,0
4694,1
4695,1
4696,0
4697,1
4698,1
4699,1
4700,1
4701,1
4702,0
4703,0
4704,0
4705,0
4706,0
4707,1
4708,1
4709,1
4710,1
4711,0
4712,1
4713,1
4714,0
4715,0
4716,0
4717,1
4718,0
4719,1
4720,0
4721,0
4722,0
4723,0
4724,1
4725,0
4726,1
4727,1
4728,1
4729,1
4730,1
4731,1
4732,0
4733,0
4734,0
4735,1
4736,1
4737,0
4738,0
4739,1
4740,0
4741,0
4742,0
4743,0
4744,0
4745,0
4746,1
4747,1
4748,0
4749,0
4750,0
4751,0
4752,0
4753,0
4754,1
4755,0
4756,0
4757,1
4758,1
4759,0
4760,0
4761,0
4762,0
4763,0
4764,1
4765,0
4766,0
4767,0
4768,1
4769,0
4770,0
4771,1
4772,1
4773,1
4774,0
4775,0
4776,1
4777,0
4778,0
4779,0
4780,1
4781,1
4782,0
4783,0
4784,0
4785,1
4786,0
4787,1
4788,0
4789,1
4790,1
4791,1
4792,0
4793,0
4794,0
4795,1
4796,1
4797,1
4798,1
4799,1
4800,1
4801,0
4802,1
4803,1
4804,1
4805,0
4806,0
4807,1
4808,1
4809,0
4810,0
4811,0
4812,1
4813,1
4814,0
4815,1
4816,0
4817,0
4818,0
4819,0
4820,0
4821,0
4822,0
4823,0
4824,0
4825,0
4826,1
4827,1
4828,0
4829,0
4830,0
4831,0
4832,1
4833,1
4834,0
4835,1
4836,0
4837,0
4838,0
4839,1
4840,1
4841,0
4842,1
4843,1
4844,0
4845,0
4846,1
4847,0
4848,0
4849,1
4850,1
4851,0
4852,1
4853,1
4854,0
4855,1
4856,0
4857,0
4858,1
4859,1
4860,1
4861,0
4862,0
4863,0
4864,0
4865,0
4866,0
4867,0
4868,1
4869,1
4870,0
4871,0
4872,1
4873,1
4874,0
4875,1
4876,0
4877,0
4878,1
4879,1
4880,0
4881,0
4882,0
4883,0
4884,0
4885,1
4886,1
4887,0
4888,0
4889,0
4890,0
4891,1
4892,1
4893,1
4894,0
4895,1
4896,0
4897,0
4898,0
4899,1
4900,0
4901,1
4902,0
4903,1
4904,0
4905,1
4906,1
4907,0
4908,1
4909,0
4910,0
4911,1
4912,1
4913,0
4914,0
4915,1
4916,0
4917,1
4918,0
4919,1
4920,1
4921,0
4922,0
4923,1
4924,1
4925,0
4926,0
4927,0
4928,0
4929,0
4930,0
4931,1
4932,1
4933,0
4934,1
4935,0
4936,0
4937,0
4938,0
4939,1
4940,1
4941,1
4942,0
4943,1
4944,0
4945,0
4946,0
4947,0
4948,1
4949,1
4950,1
4951,0
4952,1
4953,1
4954,0
4955,0
4956,0
4957,1
4958,0
4959,1
4960,0
4961,0
4962,0
4963,1
4964,0
4965,0
4966,0
4967,1
4968,0
4969,0
4970,0
4971,0
4972,1
4973,0
4974,1
4975,0
4976,1
4977,1
4978,1
4979,0
4980,0
4981,0
4982,1
4983,1
4984,0
4985,0
4986,0
4987,0
4988,1
4989,0
4990,0
4991,0
4992,0
4993,0
4994,1
4995,0
4996,1
4997,0
4998,0
4999,0
